{"accuracy": [0.6765701770782471, 0.9550492763519287, 0.9645935893058777, 0.9899938702583313, 0.9856835007667542], "loss": [0.8152878284454346, 0.13475264608860016, 0.12535186111927032, 0.03549189865589142, 0.04834712669253349], "val_accuracy": [0.9261083602905273, 0.9815270900726318, 0.9667487740516663, 0.9944581389427185, 0.9932265877723694], "val_loss": [0.20983737707138062, 0.07214493304491043, 0.10055537521839142, 0.023733200505375862, 0.021809106692671776]}