{"loss": [5917.1201171875, 1.7323704957962036, 1.7309999465942383, 1.7314187288284302, 1.7299938201904297], "accuracy": [0.21945813298225403, 0.23620688915252686, 0.23694580793380737, 0.236330047249794, 0.23682266473770142], "val_loss": [1.7289278507232666, 1.7284603118896484, 1.7285969257354736, 1.7283434867858887, 1.7282216548919678], "val_accuracy": [0.23706896603107452, 0.23706896603107452, 0.23706896603107452, 0.23706896603107452, 0.23706896603107452]}