{"loss": [0.732375979423523, 0.1388382911682129, 0.061203133314847946, 0.0377674475312233, 0.06358664482831955], "accuracy": [0.7088670134544373, 0.9549261331558228, 0.9805418848991394, 0.9885467886924744, 0.9802955389022827], "val_loss": [0.22406399250030518, 0.04388408735394478, 0.027820048853754997, 0.023878980427980423, 0.012830188497900963], "val_accuracy": [0.9219211935997009, 0.9870689511299133, 0.990394115447998, 0.9927340149879456, 0.9966748952865601]}